user_id	name	sound_count	follower_count	following	like
275750619	Pham Tu·∫•n Anh	0	3	1	57
696045120	minhchau	0	0	21	7
615859761	Golbie puth	1	14	45	17
439204215	Ng·ªçc T√¢n	10	65	1290	1568
461269128	L√™ Th·ªã √Ånh	0	0	0	12
164140362	Nhat Truong	0	4	5	3
326236672	Ph·∫°m H·∫£ii	0	2	1	11
517254165	Smoke	0	15	0	0
603448746	Shine	0	7498	54	1196
237680099	Bobsut_07	0	2	3	274
150926196	Mechelle Schmidt-Morgan	0	44	35	50
291552487	kiki	0	10	4	799
299138888	indra	0	2	1	40
800611285	User 232466213	0	2	0	0
689314952	Sdr Amir	0	4	2	2827
503404737	sdr	1	7	4	3165
64385505	sarahp23	0	16	5	37
587036688	Haneen Noon	0	4	25	41
283509556	Mick Ball	0	13	2	0
508839615	User 414980998	0	0	0	3
184430750	that tall mexican	0	5	1	36
333765537	Gaming Master Crew	0	52	2011	59
299427505	jay uzii	0	3	3	34
128802486	user445307510	0	5	29	880
155004271	T Baby	2	71	42	98
344787989	White Panda Mashup Countdown	48	3129	145	9
352258907	mo.akhlaq	0	1	4	214
103306756	laurag143	0	22	36	405
285095070	User 289196189	0	5	1	89
69847570	ME7OoO	0	114	35	254
5693544	ngecale	0	22	58	54
25672274	DJ T√ÑG3R	0	232	50	1497
121259893	Chrissy Damore	0	21	279	341
289724949	H√† Minh Tr√≠	0	8	9	79
6969243	"""Chance The Rapper"""	113	1882957	14	30
192035836	Nial lovell 69	0	54	50	470
324996962	Eleanor Massey	0	23	0	45
130053279	user350464997	0	59	11	3
98517080	Darius Clemons 3	0	153	188	3081
285253581	Andi Nikmaa	0	4	0	2
184790006	User 811993171	0	8	11	5
117982212	user331213248	0	14	34	2199
377131535	Moments	0	15670	0	3
159469090	Fradeicy Vargas	0	5	9	50
132790246	Juice WRLD	119	1824014	76	466
476552838	Hourüòõ	0	2	0	104
13986100	Kristen Woodward	0	131	355	2065
247784448	YoungBoy Never Broke Again	292	1277845	0	6
544546047	muhammadmuklis@gmail.co.id	0	8	31	71
263086552	Simone Soares	0	3	6	60
152263773	Mina Kameel	0	9	3	964
699416687	sri lestari	0	0	0	96
776102737	Neomy 228	0	2	1	0
110732992	shahzaman khan 3	0	43	321	2874
23891125	Courtney Mccann	0	212	101	5945
95637038	cris ayala	0	79	336	6476
202655596	Rebecca DarLin	0	21	3	1235
29984299	Gabriel Santos	0	27	136	23
54957765	De_Woods	0	47	226	1803
447946437	Nguy·ªÖn Th·ªã Nh∆∞ √ù	0	0	14	90
340798877	Khoi Phan	0	1	2	27
151144050	H√πng Tenma	0	2	11	3
658167795	V√µ Ng·ªçc Thi·ªán	0	0	2	8
855380029	VƒÉn	0	2	0	0
54389756	Th√†nh V≈©	10	95	2	13
191976910	Luong Son Tung	8	93	0	0
96908559	Cooki3_7	0	6	28	90
278232910	Nhi Lam	2	19	0	0
714104287	hoangthai	0	1	0	83
196501702	BlackSakura9	3	20	28	367
317774781	User 561574088	0	4	29	150
66596580	anhoi	0	39	355	3596
43443027	Kevin_Pham_	0	28	93	65
375278987	L·ª•c Anh	0	2	0	7
275307862	Kh√°nh Qu√°ch VƒÉn	0	1	14	4
52780839	Emerald Thuy Linh	0	64	122	391
94494260	Ph√°t L√πn	0	27	211	238
33116776	Khai Nguyen	11	49	65	65
10285282	Cu Sin	14	32	54	8
173765397	Acidic Visions	0	35	131	181
397054557	Sgt Crawfish	0	9	3	21
269064995	Eric Pariseau	0	31	0	0
298402383	Sarah	0	6	1	209
663004053	joni	0	5	33	97
458974620	James Muhaly	0	7	33	8
188272688	User 215036736	0	16	0	8
327952026	F!nk	3	16	26	2287
171184262	Mischke67	0	18	16	17
461239989	TheCadwell	0	3	1	270
306630502	the bootleg boy	62	115273	367	985
793657189	Claire Bosley	0	1	0	0
608907765	clairebosley	0	2	1	0
788613007	User 34569444	0	1	0	13
172420066	real__pcy	17	419465	4	6
830589421	claire	0	0	0	30
85998430	Devyne	3	4030	86	252
194116484	Mollie_reid	0	9	19	536
273049146	romuloeckel@gmail.com	10	68	2000	745
14005373	Real Deep	25	749	231	1711
77964852	L	0	86	453	141
362810315	Jodie Maher	0	38	29	392
143473944	Seir Perez	0	4	29	224
355924460	Ali Shaikh	0	9	1	289
371577878	Kemauri Turner	0	4	0	86
10600448	Giovanni Marenaci	0	20	104	1081
94472817	Mohamed Abd Elazeem 5	0	6	1	134
100129297	Heba Adel 80	0	10	25	55
294763688	User 416890541	0	3	8	40
300824632	meshoooo	0	2	3	73
220305511	≈ò√§h M√§	0	1	0	216
64886099	Shaza Sabry El Tohamy	0	76	56	15
143659279	Nick Orpilla	0	9	10	1563
158732630	deelouise	0	0	12	1
296387360	KING AGOGO	0	3	0	0
204270617	Kayla Garza	0	83	75	1714
456673659	User 380887723	0	0	1	8
41505279	Halllbert	0	9	140	94
134661553	antdaman35	0	3	11	131
82136481	trend_setter22	0	25	37	82
560279682	songpagoooffice	0	2	1	58
173566157	Hazzard Hazz	0	1	15	1612
208132263	aria	0	2	1	18
114049622	max_utd	0	3	12	250
337383226	Corbin James Lloyd	0	3	4	0
773767570	TREND	0	2	1	0
125238602	selena gnomez	0	17	70	425
707220511	NDP	0	4	69	837
73163583	user951931141	0	2	14	28
88219842	alexis Beckett	0	4	27	411
156387074	bear.16	0	4	2	230
409430301	Jowain Mohamed	0	2	2	67
248664762	m. gwad	0	0	1	664
127581155	Eeman Khan	0	9	30	41
178412762	Trigga Matic Don	0	3	0	383
206687474	bffs playlist	0	12	13	14
193066441	Destinee Pantoja	0	1	1	8
202524088	Lance Preston-jones	0	10	5	328
10908301	Bedroomtrap‚Ñ¢	28	40355	1515	4493
2624273	crystalling90	0	4	11	7
149377519	roma	0	11	39	87
568285863	Ciarrah helen beaudry	0	11	9	63
301444192	Shedrick Sylvester	0	5	4	28
444023736	bali bali	0	2	10	646
266729545	ÿ´ŸÇÿ™Ÿä ÿ®ÿßŸÑŸÑŸá	0	0	5	31
328628082	User 915409764	0	1	2	7
161199900	user330466128	0	5	6	33
57707325	myluga	0	34	36	52
52557367	 ö√Ø…û S√§R√§TOloGy  ö√Ø…û	0	1410	1741	7300
78836923	Music	1	92	64	238
409820904	Rumes Bukhari	0	2	1	32
123160283	Shimaa Nasser Darwish	0	87	69	736
58971218	ŸÖŸéryaŸÖŸí	0	21	27	868
409135686	Rumes Bukhari	0	6	0	18
191174804	Azeem hunzai	31	1286	174	2700
568136715	zamiran bahar	0	5	0	661
162017975	Doyeedt annahaal	3	8	62	348
23924438	ReH√†√ü ‚ô™‚ô™	14	3096	107	515
144070235	avielle	0	19	0	1309
108699131	Aux London	25	176417	1453	1071
136834601	Mohamed El-Hussieny	0	17	348	1535
156757298	TherzNoahScaping	0	19	231	1181
334116858	aMir	0	4	12	858
100331474	Jasleen Santiago	0	24	74	31
247780402	PicScrn	0	38	330	105
231442287	Gordie Vonschmidt	0	1512	17	288
82152513	Ja feel	3	22478	426	1100
164261536	yung sav ady	0	41	93	1359
102923729	Isaac Castro 27	0	85	103	123000
454283658	Playlists Daily	0	33820	0	18
603451386	Hustle	0	61342	107	307
125792743	user839193790	0	10	29	1023
89154840	Eduardo Bucio 3	0	87	215	2436
97419086	nickim4799	0	47	220	3802
81606531	Shabnam Geramand	0	50	11	158
209121911	Iona McFarlane	0	15	46	156
77227177	user21251012	0	14	1	8
122366289	Mony Badwy	3	112	996	4533
71429961	candyandcookie	4	14	1	5
379821722	Widyasari Sung	0	1	14	732
209670811	Joshuah Micheale Dale Sr.	0	3	0	2
70710348	michele	0	4	39	101
627894309	xolisa	0	1	1	3
52102508	miaomiaos	0	2	35	7
241570414	teguh muhammad 26	0	10	29	7
508598199	Agatha vlog	0	1	1	13
299633379	Elasia	0	11	12	112
257009086	Hutieu Gl	1	9	27	396
522440574	suga leshuga	0	11	0	15
209481952	Stara Philemon	1	3	2	66
466343448	cuppy	0	7	15	29
175603161	Nikki Karetov	0	11	55	312
883168603	Min Yoongi	0	1	7	3
841758229	Kh√°nh linh Nguy·ªÖn	0	0	1	99
688679639	BLACKPINK	33	90651	0	0
290349972	Duy Nguyen	0	3	4	50
156234171	V≈© Gia B·∫£o	0	15	104	377
408256683	Nga Ph∆∞∆°ng	0	1	4	57
589775067	NhungÌÉú	0	1	2	244
625658736	JulieNguyen	7	7	0	363
381649172	H√≠u	23	29	0	17
17278556	Phuong Berry	0	19	32	2
896627398	Jungkook97	36	2	35	427
199301212	Nguy·ªÖn Long	0	10	4	9
59109142	Vivian Nguyen	0	2	1	2
680594600	Bilqis Rizqiyatu nahari	0	18	12	5
207487304	mikhaela	0	60	16	111
124094775	user808766977	0	33	21	87
146225286	BiBi	0	23	41	2680
314706548	nocavane	0	27	686	704
850637464	- lonely tears -	0	1	1	0
242374836	Issy	0	24	22	793
142308649	user749345703	0	9	9	23
877059331	Gwen	0	2	27	64
323373579	That one Fangirl	0	9	16	437
484440066	Ch√∫c	26	127	963	1076
26535320	Tr·∫ßn L√™ Nam Ph∆∞∆°ng	0	15	31	11
555156873	hai phan	0	0	1	6
220044534	MBS	0	2	0	915
455686899	‚úûùïöùïòùïüùï†ùï£ùïöùïí‚úû	0	13	202	143
316584698	ly le	0	2	1	14
631001154	V∆∞∆°ng Ho√†ng	0	1	0	3
662972070	themob	0	1	2	10
495411030	lie	0	0	1	84
9066101	Khanh Pi	0	21	3	6
269900908	Samia Mhammedi	0	12	22	137
13375684	gnash	76	191839	53	108
101304179	Smart Biggie Smallz	0	34	145	1200
116106493	user365584958	0	4	77	43
191223602	Jacques David	0	14	22	135
163818769	meraaw	0	11	85	4158
70459869	Cynthia BQ	0	28	106	165
127092040	Marc Bissoo	0	92	1252	1099
610060707	richardmortiz220	0	2	0	585
180340836	Yeonkkot	0	11972	89	35
206714507	LukasM	0	5428	0	49
34284029	Beach House Session	3	13780	701	1180
14702530	3sUP	5	6141	211	2822
37994022	alexrainbirdMusic	27	24251	1923	115
77546952	Thiago Silva 365	0	3154	55	876
199925212	User 876061021	0	34	220	2425
36967138	alkhaw	0	1888	57	653
134902824	Roberto Gallardo	0	9	0	16
3857762	Beeps & Boops	0	569	1372	3243
11766302	Manollo Kazim	2	129	1274	2659
831614563	Daniele Vignola	0	2	7	219
82548914	THISISKJY	1	58	302	521
156369394	marie.higgins173	0	10	0	507
306890149	rouckychat	0	6	14	0
18408969	Tanah  Sae-yang	14	466	2001	7888
16352228	Eva Maria Vieco Garcia	0	89	272	1710
59439816	alex_bigbone	0	104	623	5941
236940081	User 285589999	0	11	10	1172
67182353	Kim Sherlock	0	56	147	2603
46168156	Tuyen Vu Thanh Phuong	0	83	176	1736
157820424	Mike Saladino	0	15	66	10
301735701	CEM626	0	51	1886	131000
164419068	Isaias Gutierrez	0	13	2	26
103013282	Javiertwins	0	36	65	1287
133917934	Fatma EL Bardesy	0	14	3	638
150650792	Alex Lipinski	0	40	266	1842
577692225	tjohnson2019	0	37	390	1831
424598292	Lisa	0	11	3	0
72026400	user655773074	0	7	45	105
158682628	Tinus Botes	0	20	12	3
388656084	shiann bryant	0	11	7	65
682251896	music	0	86	0	2
76863643	Kim McLaughlin 3	0	9	4	9
65763047	Jessica Davidson 12	0	50	54	3
213035439	Jennifer Wiedemeier	0	8	52	459
233891934	aree	0	1	10	87
834631	ALAN BRAXE	26	200597	6	16
152901987	RubberTaco	0	22	3	858
192159779	M√¥nica Araujo	0	20	0	1513
490088790	User 186709978	0	7	52	7
730696438	3li	0	6	3	138
265855897	Emma Lee	0	9	4	2016
226893027	Balagu Hoang	0	15	656	3406
856062	Skrillex	106	6478897	95	13
451388094	Hile	0	30	202	145
57034660	Patrickxbxs	0	124	489	3331
197763503	Fiona Stevenson	0	6	21	5
309022471	Ezrah Beatz	0	1	1	0
239952407	Fany Filion	0	23	90	89
492368943	hamedM	0	16	35	42
84076591	ƒêO√òM	10	250	584	166
15273551	Ôº°Ôº° –ò Ôº° Íìï ÔºØ Ôº≠ Ôº≠ Ôºπ.	0	23	162	1224
137492480	Jo√£o Diogo Coelho	0	3	17	84
210653951	LJelly	0	32	0	4
4312734	Amorphic Roots	4	424	590	1523
299529713	PITYPARTY	7	169	1153	107000
603451386	Hustle	0	61343	107	307
272280986	Nguy·ªÖn HUy	0	4	3	11
259849224	B√≠ch Tr√¢m	0	15	408	967
779131882	Trinh Tr·∫ßn	0	1	0	3
70283293	Quang Tu·∫•n 8	0	3	7	8
141551688	S∆∞ ƒê·ªá T√Ω	0	7	8	12
593742270	leebaluaan	0	1	4	14
283752630	volcado	0	6	16	497
642115920	L∆∞∆°ng B√≠ch Li√™n	0	1	0	1
468569142	n.trc	0	1	5	5
271626183	Huy·ªÅn L√™	2	3	0	2
289102490	MeninoJoia	0	18	6	58
22213770	Shady Records	65	8177499	0	0
153552702	trappytrapstar	0	2	5	89
3742285	Bobby Blakdout	37	3447	183	343
809060917	Music	0	284	9	0
1864583	siftpodcast	62	1287608	114	37
151027625	Nathaxn	0	822	8	150
637553580	Susi S.	0	1	1	6
299977427	koidoi	0	11	4	6
64836163	SPGDEJONG	2	61	220	1978
313264316	Aleksejgrigorcev	3	37	714	2441
517978224	Salvatore Manfredo	0	0	3	11
133722320	Hassan Ou Oumar	0	9	85	37
188714755	H. Mastrogiannis	7	247	406	6758
603904224	Circuits	0	4157	100	451
567458481	Courtney Charles	0	4	38	28
73148068	Merihan Youssef	0	193	78	2332
61942836	C√©sar Lacombe	0	92	402	1923
81493361	Jason Laville	8	34886	305	292
204207553	Marcel Luetolf	0	43	171	856
147075737	Og Ella	0	73	10	4174
292960871	LŒπŒ∑Œª	0	32	66	124
817646686	henrytran2609	0	1	7	6
654132297	henry tr·∫ßn	0	2	14	21
536719896	ALesbianBabyüé∂üéÄüéÉ	0	31	46	1532
593870889	Trang	0	1	0	34
268282897	Tu·∫•n Nguy·ªÖn	0	4	35	18
361604651	Kim Hu·ªá	0	3	3	90
40233295	Niice Guy	0	18	17	37
552283425	hahah	0	2	17	21
419946450	Minh T√¢n	0	2	5	324
186466705	W	0	11	85	832
17971787	Agamidae	1	9987	597	1484
119793091	Nitza Md	0	3720	8	23
310159241	Jens-Jonas	13	56	8	17
299052023	abdulrhman malkawi	0	8	1	13
118123339	qkpz	0	21	40	86
78540679	Ibrahim A. Mahmoud	0	703	65	21
197848191	VAL√âRIA SANTOS-4EVer Produ√ß√µes-CmtvRenegadosTt√©-SP	0	56	751	1030
335525122	Sam	0	2	55	52
29407354	The Music Network	2	21337	121	1794
55866202	Ikee27	0	16	71	28
62472284	tareq morsy	4	80	98	332
72883642	Gennaro Di Cello 1	0	107	336	25
56585355	Julio Ortiz G.	0	23	89	18
64557247	Esraa Elsisy	0	38	14	319
3190062	bluenoterecords	2	4393084	5	4
70618378	gio_j654	0	41	26	7
174127077	Arvind Chandrasekaran	0	25	47	927
143596930	trockenfisch	0	17	102	34
642920499	Stacy	0	6	20	5
179327790	Amanda Lee	0	4	6	0
202130843	Kris ‚ÄúMrDrEvilCube‚Äù Kelly	0	2	4	2
144423564	Tomy Lee	0	4	1	10
279922433	Andy	0	3	0	0
401294346	The Spinning Hooker	0	2	0	0
704333693	Sheikh	0	1	3	7
26833033	Chl√∂e Howl	29	5437480	0	1
402282054	Heriberto Pe√ëa Cepeda	0	1	1	7
385025837	Eric Anderson	1	3	23	702
188237604	Eric Fairweather	0	2	3	7
198838067	Eric Young	0	4	5	56
633017766	Eric	0	1	0	104
167555367	user2920581	0	4	3	125
191057835	Eric Dugger	0	5	14	151
689780363	Z&E	0	1	3	43
386273156	Eric Curtis	0	8	86	556
160760950	flowneet	31	1376	72	182
653913792	Lil	0	95	0	76
517249830	Peep	0	15	1	0
109804037	PlaystationDude	0	552	2010	3406
70601494	‚òÜLiL PEEP‚òÜ	101	2065093	0	159
489423642	Logan Cooper	0	1	3	132
205883753	Althea Ferguson	0	1	0	26
336856177	Mark Tellier	0	2	3	398
165253525	boss mode	0	4	31	46
188424277	Miles Singleton	0	6	15	1215
290731838	User 892030938	0	3	4	9
370198196	Lil Rubb	0	9	30	33
298979482	User 1375581	0	3	5	5
6983206	Mah	25	3656	139	420
133467077	Westcoast Radio (EDM)	31	32218	1919	188
22213770	Shady Records	65	8177462	0	0
293080496	Mario Calderon	0	21	60	155
108699131	Aux London	25	176421	1453	1071
82276244	JRY98	0	105	119	1366
54662818	JP_Insomniac	0	42	118	2236
161841563	_mickyyy	9	19	135	1
104987009	Ryan O'Donnell	0	107	34	1256
166770682	Teka Farfadet	0	4	15	224
116548203	moshigh	0	13	6	841
99274698	Line	0	145	424	5716
134729485	minipieds	0	89	164	59
10743296	rsg	0	131	339	1451
338433230	Drummy	1	576	6	921
145933953	Tanguss LeMontana	0	26	111	27
485950242	Henry Lynch	0	1	83	336
353675021	AH	2	15	94	111
62306969	Demian Martin	8	147	528	721
560838792	User 57020982	0	1	1	558
201323254	User 505459517	0	5	2	106
73513528	Bar Alon 1	0	69	578	2139
283789510	Chris Hill	0	7	87	98
17756438	6hundred&66	0	40	195	5
195959874	User 909464046	0	46	14	172
167552698	Victor Pastrana	0	20	52	421
600234693	Till You Drop	18	155	967	4923
122398053	Dick Long	5	62	104	558
57655087	Jon DeHart	0	21	154	407
11049335	jannikartuso	3	99	232	1133
137660527	ALEX	5	127	695	2019
676775255	Broadcast RMUTK	3	7	8	0
29070216	Isaac.	0	57	348	1155
67212112	√ñzge Bayrakdar	0	50	213	1320
605471229	mrohde	0	1	0	2
32890620	Alejandro Collins 1	1	20	16	96
383569817	Joshua head	0	2	58	48
370234679	Alex Nunez	0	4	0	0
376614	user2711918	0	8	11	236
478541091	sal.depetro3@gmail.com	0	1	0	0
270200984	Devin Cooper	0	5	30	247
95708984	Bourne H	0	9	45	3
611748000	JaeTeezJamz	0	1	1	4
260495716	Jacob Cook	0	10	27	1306
204946448	Parasite	0	2718	2007	3397
17648889	freshie_topai	0	334	1497	7113
49460526	Anjo JLGM	0	143	12	109
33184567	user881224578	0	9	51	267
156882008	LIL FRO$TY	3	104	49	457
191380584	Jazz Miller	0	12	5	45
83548793	Treina Alexander	1	81	95	213
72037040	Yoyoo1	0	127	255	858
367286057	Raden Alby Assegaf	0	2	1	5
76001698	Talaiasi Fainu	0	74	195	2885
279692715	Abdul Salam	0	5	1	6
649020321	Maham Shah	0	2	0	99
299060364	Arabella Brown	0	7	17	15
68115977	Sarahrs	0	46	519	2001
50453599	Nithin Srinivas 2	0	14	18	6
325414044	janah	0	1	0	0
154437046	Lydia Mourad	0	12	1	720
456579021	farah	0	0	0	1
49867675	jackchandra	0	47	90	1329
221985457	Mo'men Tarek	0	4	0	39
15946379	YE Ali	201	30999	5	699
24801288	KRI$T√ç√âN	0	159	2005	108000
219630854	Young Barry	0	2	2	14
172285892	badtundra	0	177	653	505
365792753	Ybs Lor Tae Tae	0	20	5	521
23892663	JusAnotherBirdXo	0	145	407	1712
196363068	User 869354512	0	19	370	1556
101611614	user39492015	0	4	73	3
144219268	Boy $cout	0	54	282	2548
5636679	Fool's Gold Records	1054	7941484	87	782
479013237	emcclown	0	1	25	30
138964270	Diana Lepe (Bonita)	0	3	3	3
121431174	HoOpz Lopez	0	15	1	286
786328066	Marisela Hauck	0	1	30	7
83634566	user628313664	0	7	54	11
54101087	lisadlc.530	0	13	46	18
37807544	Silent Giant	51	168	36	7
138833237	user10496900	0	1	0	14
98664460	user182106892	0	0	0	0
166635523	Arturo Rios	0	3	0	98
179921525	Cakez Lovez HerLife	0	5	94	37
172413040	mel jones	0	17	47	926
255020015	Kenya Freeman	0	2	7	21
231063222	Vincent Briard	0	26	106	1019
394478796	*BlueAngelBarton*	0	0	3	58
62651102	Naomi_H_Xx	0	6	56	742
8185400	LadyMissNataka	0	135	237	116
104934935	Lee Hadaway	0	7	27	51
5271768	katsu1	1	55	102	258
218136866	god	0	4	1	86
170748801	Tr·∫ßn L√™ Trung Hi·∫øu	5	7	4	0
330059892	Dicky Kelana Harahap	0	7	12	226
103240097	puzi rahayu	1	4	44	13
374152526	L√™ Th·ªã Kim Ng·ªçc	0	2	3	1
337990751	–ê–Ω–∞—Å—Ç–∞—Å—ñ—è –ö–æ–ª–ø–∞–∫	0	6	25	425
185858184	Shin shin chin	0	1	1	1
91695967	user453835178	0	0	12	0
367391063	sandi mustofa	0	1	1	5
146076889	ToxTo lp	0	2	0	7
133164742	Khafid Armadian	0	5	57	39
449525787	My H√†	0	11	446	2610
275169809	Mostafa Abdelbar	0	3	0	40
357361265	Quinet	0	2	0	34
595091763	jennamoor	0	4	0	618
7436630	Future	553	9870585	9	112
689314952	Sdr Amir	0	4	2	2827
164150245	ƒê·∫°t Ly	0	18	301	1788
561616185	Erikaa	0	2	3	137
18502287	soWAYV	26	143094	0	9
122228967	andy salayandia	0	33	110	73
210954578	Vincent Delucia	0	3	5	92
307634045	IsThatJulian	0	8	0	8
15316550	russ$	0	27	3	3014
335063980	Russ Ward	0	39	4	5321
181482473	Alexis Davis	0	12	110	87
118568202	Adam Rojero	0	5	60	31
192567143	User 945264302	0	5	19	25
142467164	Brennan Mack	0	8	16	241
571341471	Russell Glover	0	6	26	583
631422435	mur7f	0	7	12	109
614330679	2037570	0	1	2	17
305878447	User 240563552	0	3	18	24
144732396	Jeremy Jemente	0	9	44	587
762998500	User 904278414	0	1	0	7
474827037	Oluwaseun Adeyemi	0	0	3	5
793534066	Back Upsage	0	2	0	128
694417232	yungdaggerdeck	0	9	20	196
152474442	Dedrick Lewis	0	3	13	10
202627066	chris42069	0	6	13	131
6835773	Dimitra Liana	0	46	57	28
278249546	Gerald Davis	0	10	1	63
45167018	Chris Ba 4	0	222	1998	178000
71151263	user460900724	0	5	29	4
132473814	chicken_swaggg	0	17	217	45
90993774	Lo√Øc	2	81	197	1293
11994136	Baby girl	0	190	147	50
27960805	Gee22Gee	0	47	179	56
177401346	Ludo Risse	0	21	64	1949
41787756	itsredsuckaz	0	47	148	1172
310397596	New Music	0	10165	0	181000
57736252	Alle93	0	222	1595	5441
39574649	jordy	0	560	1369	778
23126873	5AVAGE 5OUND5	0	954	429	2975
162430431	Mcsqaim	6	235	1949	5807
188054527	Francisco Junior	0	7	1	15
171782340	Tonybologna01	0	30	81	326
66289230	DJsoftware	1	22	241	32
123005480	ShyAnn Marie Lisa Wakeman	0	57	183	578
85322142	Carroll Poche IV	0	7	30	22
19645907	Hans Zimmer	2	322287	3	1
22582789	DevolverDigital	38	20401	0	6
127037692	+FINALGIRL+	0	42	171	1309
809060917	Music	0	287	9	0
8531577	LUKE BLAND	6	110	228	856
107861190	omar hagi	0	10	17	104
890248678	B9KJ	4	8	52	198
30994369	BTS	130	3037622	2	4
132790246	Juice WRLD	119	1825524	76	466
521423085	Selby Arsena	0	20	626	731
128824819	user256340089	0	1	1	1
180466258	Ty Smith	0	71	20	78
777480211	AmN	11	10	35	119
522785736	Davin Ovando	0	1	4	493
94748707	user288905392	0	6	155	55
543814101	Tasha Coombs	0	1	46	323
457802826	Elisha Arellano	0	6	5	547
149706392	Soundsfromzion	0	37	164	1326
107613354	Aaron Cole 13	0	4	45	10
475100097	RealOneTweezy	0	4	4	148
65514922	Jason Felix 1	0	65	234	19
238502088	User 946919432	0	2	60	884
27622444	LordeMusic	44	6295612	34	2
224866983	User 840580694	0	49	280	1160
82856697	Samouy Krub	1	8	2	73
185675530	Nithin Rao	0	18	50	671
222338249	katie's fun life	0	17	85	446
60241532	Paperr Chasee	5	43	200	88
127632688	Sheikh Shehroz Shehroz	0	19	242	1796
77192165	robert1961	0	31	17	4
6600369	Krystyna Kuczynski	0	141	1166	4489
209266192	Uxama Bhatti	0	12	3	9
207333063	tammy	0	32	7	817
64791702	Abel Salinas	0	138	510	4982
137425703	B.E.Rich	0	18	46	56
8745505	Kendon Connor	1	114	204	2092
26169056	Matthew Youkhana	0	53	80	278
192882666	User 610330028	0	29	0	42
582064272	Blee	0	6	2	12
819023773	J-ball	0	6	35	3
29397371	cando8	0	52	35	241
312757455	Valeria Gris	0	0	0	9
135390010	nixa	0	90	16	163
213490931	Connor Jones	0	35	2	32
107126697	Universo_Indie	0	180	37	529
19282891	jonfoulds	0	29	48	802
31834148	Galakhan	0	409	155	454
195674375	Jack Walmsley	9	151	37	1484
140245356	Nat√°lia	0	39	27	120
142474378	pillowpoof	0	32	6	6
110764353	Reen Noxious	0	60	135	393
114753251	SilvanaWuppertal	0	15	12	20
184627754	XTNKT	23	65	226	718
43417545	austin escott	0	53	54	3718
147744045	William White	0	6	17	16
165613497	RAMI TWAL	0	61	777	694
172304603	DJ Lux	9	100	1281	710
145459041	exquisit	0	6	3	21
74405741	JacksonSmith	0	83	334	1432
11860742	daskoppette	2	5	31	16
10908301	Bedroomtrap‚Ñ¢	28	40357	1515	4493
319395544	Xivey	0	3	0	18
325038341	issabossbru	0	5	93	626
406058283	Samanta Gonzales	0	1	1	16
173015034	Trey Murray	0	8	138	549
333141684	BIGBANKCAMPAIGN	67	14303	0	1
146352133	user274203273	0	6	47	883
286050533	Rosemary Kerko	0	8	0	18
34091717	Javier H Lala	0	6	1	28
86877760	Lala Bond	0	5	35	368
378825851	Zef Richard Romeo	0	2	0	1
261200026	Lala	0	0	0	3
117547636	Cristian Lala 2	0	3	2	4
62831117	lala-bossy-bitch	8	136	25	113
98921510	Maite Romeo	0	3	37	11
328063434	Romeo Garcia	0	7	7	27
232586997	Alex Santos	0	4	10	150
98093501	D.C.G. AkA Spooky	0	1	3	7
201727844	Alva763133	0	7	17	1008
236071164	winterwolf	0	17	160	1976
84685893	Alex DiRado	0	12	17	19
188970857	Mac Surles	0	7	8	3
182246266	Robs	0	126	269	80
23716010	Proffesor_B.A.S.S	2	27	42	529
100014087	Dania301	0	41	321	907
161370237	Maison Whitaker	0	6	12	7
11877500	Young Thug	342	973388	5	96
274856158	BooksLet MeLeave	0	10	44	446
696856560	kaylafromyodaddyshouse	0	3	23	88
505088	Sammy Porter	149	141017	13	436
7710304	Bido Lito!	35	722855	8	0
291218234	GetBodied King	0	2	4	236
134346412	Bellini Bell	0	1	13	86
174237437	Rogerio Silva	0	3	0	3
92584837	rapaanza	0	2	4	25
9774787	WICKED The Musical	19	6693	0	0
111914050	user692242422	0	9	78	157
207531298	Hi·∫øu B√πi	0	3	52	38
171690618	Shinz	0	5	19	7
36199692	vietle1714	0	13	13	17
63498339	Phuong Do 4	0	7	5	6
228706821	Qu·ª≥nh Nh∆∞	0	4	4	32
193070955	tuan vuong109	1	89	427	1207
171981159	Ricky Le	0	3	18	4
195960925	Phi	1	9	143	480
189390345	Stella Hg	0	3	2	31
267432936	Reece Christopher	0	7	3	19
808936048	Pamela Hall	0	3	3	288
336536136	RoMoney	0	1	0	35
537109209	Riky Martinez	0	2	33	67
100946285	user965604812	0	1	1	25
192536677	User 750070107	0	16	67	745
168477084	Chief Queef	0	3	33	16
302016955	Noah Ayrhart	0	3	25	231
263773942	Cole Arena	0	1	4	31
771227704	Kaiden Kristovich	0	1	0	0
517253982	Lil	0	2	0	0
206450996	Music Is Elation Euphoric Picks	0	2524	197	5504
28243512	Baby	25	5845	1	29
485351745	Udaye	0	2	6	133
371032397	User 318735930	0	3	23	257
310937426	Deandre Boykin	0	13	165	575
268803089	Emily Dees	0	7	8	194
393766944	Monique Connor	0	1	4	41
45018092	Monique Bouwkamp	0	4	5	11
632114829	monique D	0	29	939	3168
124654396	Monique Sch	0	7	38	5
291347351	Monique Talley	0	2	0	2
320935718	Monique Hardeman	0	2	25	9
182944567	monique.ellis	0	10	3	194
21625891	not_ondrugs	0	21	79	141
278312173	tay	0	0	29	64
153590654	Cliff Mar-Shall	0	12	53	60
169198377	Camryn Sydnei	0	7	13	279
21324116	Jessica Doyle 6	5	43	212	532
138747471	user374918750	0	6	17	53
51250803	londynnparis	0	9	55	40
317460546	Hip Hop Playlists	0	1164	0	104
163448548	Ely Hernandez	0	6	24	2
64931653	user25724893	0	19	215	241
100072701	angela marrero	0	30	130	1632
206793201	User 609316220	0	2	1	20
44970059	babby_mimi_	0	95	159	2781
249465467	User 857341295	0	4	5	77
78696256	_kicks_star_	3	107	286	4479
117910688	logan_sorenson	0	4	4	224
177086141	Hopeü¶ãüíï	0	9	25	120
27178719	gullsbymansion	0	174	14	213
383322254	User 483552081	0	2	13	5
4360546	Kygo	119	1484460	158	340
76933015	Connortastic	0	46	16	65
71080609	Mohamed Tarek 254	0	3	336	87
14590287	Dominik Arbet	0	67	292	1396
350829155	wildflower42	0	4	15	1105
70152074	user323842724	0	10	101	4
107471203	tyson kay 2	0	11	18	15
49279530	NexElmo	0	59	1465	756
825329563	Th√°i L√™ Qu·ªëc	0	1	0	5
155208342	Mohammed El Shourpagy	0	6	116	47
148286461	DrPhilJobs	0	35	128	2313
80688167	user7911	0	9	17	1338
169454728	Trap Nazi	0	21	61	692
632995062	Eleuterio Ramos	0	1	0	3
446132196	Piano Beat Mix Music Playlist Guitar 2020 Punjabi	0	9747	0	0
68814299	Olivierd777	0	6	135	229
140725864	Ryan Schuldt	3	127	1297	144000
161949543	Dj√© Hnsr	30	53	180	713
139382630	Aml	6	49	301	630
117331770	lonnie fears	0	7	1	16
339562406	iis1102	0	6	58	81
195069628	Bjeremiah	0	58	371	1363
105613146	user428062273	0	32	171	6395
47469600	Blue Anej	4	60	37	571
459752511	Samuel Menefee	0	3	2	2
154397434	PRMDIC	2	8	16	224
123061684	user214744904	0	3	5	198
161607034	m. belal	0	12	30	492
90140753	user20321878	0	2	39	15
52150481	Chase Whittaker 1	0	19	25	96
276529380	Arief Tahyudin	0	3	1	16
87043233	Lucia Bonis	0	7	68	681
218976007	Taylor Browne	0	9	60	30
53285540	Kelly O'Dowd 1	2	105	790	1330
160821872	Caleb Kwiek	0	23	112	2279
330092976	simmons	0	1	0	2
334615683	Pascual Lopez	0	4	21	66
57206503	Samreen Sarfaraz	0	28	124	324
215998157	T√Ω L√£vish	0	33	118	688
240898482	DREAM	0	2	6	33
147905970	felipe tarcinale	0	51	507	3265
65739315	DJ_Dark_NeonNaz	1	24	269	416
596349309	Emma	0	0	2	73
290074333	etienne	0	7	5	78
149869391	Xy.z	0	14	41	21
189275773	Ph·∫°m Gia Kh√°nh	0	16	58	3480
41249452	BitchyMe	0	19	107	309
35698462	Swami Dhyan Akhil	0	24	107	1154
272588758	Th·ªßy Ti√™n Nguy·ªÖn Ng·ªçc	0	2	70	147
351884378	Thaitan Sound	0	0	11	18
110248180	rosedares	0	7	8	219
379571039	luciana franciska	0	4	77	518
372530168	$UNFLOVER	10	8	255	209
50677434	user125930582	0	6	21	1034
116326305	Frans Botha 2	0	9	16	1
96908	hypem	22	60290	6	5
10314001	jct6699	0	5	79	1138
240648997	Stephen Marshall	0	2	1	9
141611271	Olivia Davey	0	5	65	115
195861051	hannahkewley	0	58	84	99
166543286	jemima smith	0	58	56	17
560541966	Khaled Bogy	0	7	8	644
145487338	Bao	0	49	80	1635
238590182	Indigo Azi	0	9	107	446
34166095	mungeamd	0	1	8	6
328084385	Pipal Arbre Sacr√©	0	4	30	112
722643424	Misbah Noor	0	1	0	17
465731646	Hassaan	0	0	0	0
41539367	Lauren Mackenzie Hill	0	130	38	587
465766146	king Smurk	0	2	0	224
590341866	sahib1828j	0	1	0	206
346896593	jbmoney	0	3	1	474
330735656	Heidi Davila	0	1	0	24
284971493	Sam M·ªôc	0	0	4	3
267645394	Lan Gong	0	2	0	213
740373778	Park Chanyeol	0	1	0	1
869723254	Tu·∫•n Ben	0	2	9	13
255562255	H√† Ng·ªçc H√¢n	0	1	0	0
168529017	Trang Le	0	2	6	38
533936565	Th√πy An	0	0	1	35
14116742	Nguy·ªÖn Th·ª•y Lam	5	26	0	0
326839728	T√¢n T√¢n	0	2	0	0
49313091	Nasociu	0	19	17	9
28475276	foxydada	0	43	223	67
215370517	Nevaeh Belton	0	7	58	690
658718577	dhivaalvia	0	1	7	60
505097085	bettyboop	0	2	0	55
240279126	User 634870639	0	0	0	2
559486521	davidswfy	0	1	2	53
313021815	Febri Barat	0	1	0	200
170778150	Ashley Dertes	0	9	3	320
210354420	Millie Love √ëengo Flow	0	3	0	0
61293051	Kitty ~ Caty	0	31	8	29
317018762	James Scott	0	29	0	1
242719931	User 925157730	0	0	0	0
14242007	Cristine Jones	0	113	1398	5812
669599930	opera	0	2	0	148
73849638	Warrior Mera	0	6	41	52
225035354	Patty Rodriguezv Vasquez	0	3	0	804
250953281	Saw Irizar	0	11	96	38
380418701	User 916316579	0	3	12	42
341890657	Krystalrose Jackson	0	1	7	3
72669216	Farsheed Bahmanian	1	49	170	1101
626408796	Behdad	0	3	4	89
328757095	Eslam Mahmoud	0	2	2	219
86462299	morvarid ghasemi	0	1	3	40
111506401	Sophie	5	16	81	315
53066645	Mattina	0	80	289	62
187342452	Abbas_47	0	15	40	305
63590608	Manifest.sm	0	6	15	404
178913738	User 445111912	0	4	1	136
494438856	User 795453785	0	0	0	11
151241069	meg	0	100	158	1861
13572587	filipu2	0	8	51	11
146250338	user148976741	0	5	24	701
39796226	Renee Abby102	0	23	30	733
66256657	Lami D'Lo Chel√©	0	17	49	1239
40763804	Jess Dillon	0	55	73	58
195504871	Proudy Khan	0	10	12	517
7191396	caziokid	0	10	81	236
798258148	Emily	0	2	22	324
53932278	Shawn Gregson	0	25	72	210
259838649	cody motherfuckers	0	26	9	2678
832104268	Alex	0	0	8	86
46964146	fmoses16	0	26	41	1330
535890717	Elizabeth Tuttle	0	5	15	76
585643581	User 548652778	0	17	179	1848
248119705	Juliano West	0	12	107	828
110701623	Carlos Dom√≠nguez 112	0	10	33	117
69018304	Mira Sameh	0	69	164	361
164347214	Orlando Watkins	0	5	12	1
205415357	Raghda Hazem Abourass	0	3	3	843
68150109	Elham Nadimi	0	6	7	67
209377150	TeatherAnne	0	361	272	2388
200197697	Rosa Franze	0	36	82	6231
194466410	User 14143706	0	3	13	1365
162751715	Tori Schmidt	0	17	7	32
78743933	Reem Mahmoud Abdel Aziz	0	92	95	3018
229014820	Kainat Tariq	4	12	83	1717
220678414	oss	0	1	0	0
274433766	Juan Insfran	0	4	0	143
257864938	oscryung	0	16	108	460
654432816	Paulino delvalle	0	0	0	183
877870546	mereles	0	2	2	210
223585116	Eric Gunnells	0	2	8	3
429027531	Isidro Sanabria	0	3	6	43
781479121	Cristino Torales	0	1	0	0
304272343	Derlis Britez	0	5	24	384
146616820	Rapha√´l Boileau	0	65	1393	45
753200809	shahnaza	0	4	10	3
111318628	user867379934	0	5	4	318
559419435	righteous	0	3	4	97
188461871	Painlxrd	0	5	20	677
113343285	Amr Adel 250	0	62	79	163
204170974	david	0	1	14	3
243458113	deivybeats	8	9	7	79
205821357	David ELmagik	0	2	1	253
177104035	Dave McMannis	1	9	42	125
700641221	My darling David... our songs	0	1	0	9
196915232	David Clark	0	1	2	65
420560816	davo woods	0	10	107	3098
148166116	david_levin	0	2	1	48
57993245	Daaviid Hernandez	0	21	103	168
383034980	David Podgorski	0	3	3	132
254734064	Jun _II	0	2	1	268
248678215	Mariam Amgad	0	0	1	1
328348242	Dadang Suryono	0	1	1	9
537898956	gunk endry	0	1	0	15
241116014	LoLo	1	7	5	2090
375291167	mirayulanza	0	1	0	12
122882922	s	0	2	9	25
316868777	User 57417941	0	1	0	11
236937100	Kotaro Minami	0	1	0	3
257648719	Mohamad Ridwan	0	2	0	6
4234513	Colin Shin ‚Ä† ‚ô´	2	64476	0	15
323516882	Haneen Oman	0	1	0	22
757050367	Mir Hadi Banan	0	2	4	293
29960575	M Saad	0	1	6	0
68071705	Islam Gad 5	0	34	187	1877
101811167	47	0	30	52	933
127337499	Roze	0	27	44	76
77724898	Jeremiah Melvin Jr.	0	36	113	71
252484207	Tsolo	2	22	7	157
383207519	Kim H·∫£o	0	4	2	101
617843013	Thang Bui	0	1	0	17
468969384	Ngan Hoang	0	1	1	12
582303573	Putabe	1	3	6	1
163502719	Winter. Hi Hii Hiii	0	355	80	195
155748974	Hai Phan	0	5	25	72
139017771	Samantha V.	0	1	1	15
173594071	D≈©ng L√™	0	2	38	59
483539598	Ki·ªÅu Anh	0	3	95	933
167927526	Phong Ng.	0	4	33	17
8653678	sam1717	0	29	407	11
320858117	RussodeRusia	1	5	20	531
121228452	wynni971	0	31	182	1412
600985500	User 454234862	0	3	10	20
291988304	LIL GB	3	70	196	874
93505330	James Arthur 4	0	15	104	1194
240194365	jetradio	0	3	0	4
116379537	Arnaud Villain	0	32	91	116
48554944	DARKSIDE (USA)	29	113384	1	0
55580730	Muhammad Wasif Tanveer	0	48	131	115
17971787	Agamidae	1	9993	597	1484
128378534	Lima Bravo	0	84	57	688
809060917	Music	0	295	9	0
436621	ALaa 'M2A'	4	333	2003	780
55078065	Luke_Luky	6	115	664	1721
17060029	Diana P	0	123	731	4196
281296662	Kirsten Axelrod	0	186	1156	2998
34125218	nathendward	0	219	751	1410
103947827	Chanelle Kerr 1	0	200	932	262
87853691	Danse Bleue	0	32	218	1390
217578784	lilly manning	0	4103	41	229
86714227	Emily Bailey 15	0	62	621	2228
214829105	Serene	0	1286	10	28
439068843	User 202195058	0	0	1	7
212162377	Alaa Ali	0	2	26	1129
107256267	user798918413	0	4	17	54
16951532	BernieB89	0	92	641	1694
193568359	Dawid Kalandyk	2	5	36	29
283258948	Natalia Mitchell	0	12	69	2631
484621356	Nourhan Aly	0	20	60	1179
124647932	user748135390	0	5	13	193
264669921	Gibson Bezoski	0	9	98	261
163517355	Auomanu Liupaogo	0	5	9	1
85267535	Kaan Imirzalioglu	0	1	3	31
154350475	Patrick Peitruka	0	10	60	389
139777650	Westcoast Radio	19	6600	747	198
640019064	devildreamer	0	2	2	5
81859694	DubWine	6	30	41	62
198496817	James Graham	2	91	1201	1255
210653951	LJelly	0	33	0	4
4312734	Amorphic Roots	4	424	590	1524
214279944	ilyana azman	0	15314	56	492
133467077	Westcoast Radio (EDM)	31	32297	1922	182
299529713	PITYPARTY	7	169	1156	107000
603451386	Hustle: Rap & Hip-Hop	0	61427	106	307
140743441	Alex Humenyuk	0	1374	32	364
